{"type":"FeatureCollection", "features": [
{"type":"Feature","geometry":{"type":"LineString","coordinates":[[-51.7,20.3],[-53.2,21.1],[-55.3,22.1],[-57.4,23.2],[-59.2,24.4],[-60.6,25.9],[-61.5,27.7]]},"properties":{"description":{"@type":"html","value":"<table> \n                        <tr><td><font color=black><b>Tropical Storm Gabrielle (AL072025)</b></font></td></tr> \n                        <tr><td>Advisory #6 </td></tr> \n                        <tr><td><hr></td></tr> \n                        <tr><td>72 Hour Forecast Track</td></tr> \n\t           "},"styleUrl":"#72_line","fill-opacity":1,"fill":"#a7c1c2","stroke-opacity":1,"stroke":"#778e8f","stroke-width":0.5,"timezone":"AST","stormType":"TS","basin":"al","fcstpd":"72","storm":"Tropical Storm Gabrielle","atcfid":"AL072025","advisoryNum":"6","stormNum":"07","stormName":"Gabrielle","pubAdvTime":"1100 AM AST Thu Sep 18 2025","TCInitLocation":"20.3N, 51.7W","maxWindKnots":"45","maxWindMPH":"50","maxGustKnots":"55","maxGustMPH":"65","stormMovement":"WNW","minimumPressure":"1004"}},
{"type":"Feature","geometry":{"type":"LineString","coordinates":[[-51.7,20.3],[-53.2,21.1],[-55.3,22.1],[-57.4,23.2],[-59.2,24.4],[-60.6,25.9],[-61.5,27.7],[-61.9,31.4],[-56.2,36.5]]},"properties":{"description":{"@type":"html","value":"<table> \n                        <tr><td><font color=black><b>Tropical Storm Gabrielle (AL072025)</b></font></td></tr> \n                        <tr><td>Advisory #6 </td></tr> \n                        <tr><td><hr></td></tr> \n                        <tr><td>120 Hour Forecast Track</td></tr> \n\t           "},"styleUrl":"#120_line","fill-opacity":1,"fill":"#a7c1c2","stroke-opacity":1,"stroke":"#778e8f","stroke-width":0.5,"timezone":"AST","stormType":"TS","basin":"al","fcstpd":"120","storm":"Tropical Storm Gabrielle","atcfid":"AL072025","advisoryNum":"6","stormNum":"07","stormName":"Gabrielle"}}
]}