{"type":"FeatureCollection", "features": [
{"type":"Feature","geometry":{"type":"Point","coordinates":[-51.7,20.3,0]},"properties":{"description":{"@type":"html","value":"<table> \n                        <tr><td><font color=black><b>Tropical Storm Gabrielle (AL072025)</b></font></td></tr> \n                        <tr><td>Advisory #6</td></tr> \n                        <tr><td><hr></td></tr> \n                        <tr><td nowrap>Advisory Information</td></tr> \n\t   \t        <tr><td nowrap>Valid at: 11:00 AM AST September 18, 2025 </td></tr> \n\t   \t        <tr><td nowrap>Location: 20.3 N, -51.7 W </td></tr> \n\t   \t        <tr><td nowrap>Maximum Wind: 45 knots (50 mph) </td></tr> \n\t   \t        <tr><td nowrap>Wind Gusts: 55 knots (65 mph) </td></tr> \n                        <tr><td nowrap>Motion: WNW </td></tr>\n                        <tr><td nowrap>Minimum Pressure: 1004 mb </td></tr>\n\t       "},"styleUrl":"#initial_point","label-scale":1,"icon-scale":1,"icon-offset":[18,16],"icon-offset-units":["pixels","pixels"],"icon":"initialPoint.png","stroke":"#778e8f","stroke-width":0.5,"fill":"#a7c1c2"}},
{"type":"Feature","geometry":{"type":"Point","coordinates":[-53.2,21.1,0]},"properties":{"description":{"@type":"html","value":"<table> \n                        <tr><td><font color=black><b>Tropical Storm Gabrielle (AL072025)</b></font></td></tr> \n                        <tr><td>Advisory #6</td></tr> \n                        <tr><td><hr></td></tr> \n                        <tr><td nowrap>12 hr Forecast</td></tr> \n\t   \t        <tr><td nowrap>Valid at:  8:00 PM AST September 18, 2025 </td></tr> \n\t   \t        <tr><td nowrap>Location: 21.1 N, -53.2 W </td></tr> \n\t   \t        <tr><td nowrap>Maximum Wind: 40 knots (45 mph) </td></tr> \n\t   \t        <tr><td nowrap>Wind Gusts: 50 knots (60 mph) </td></tr> \n\t       "},"styleUrl":"#s_point","label-scale":1,"icon-scale":1,"icon-offset":[18,16],"icon-offset-units":["pixels","pixels"],"icon":"sPoint.png","stroke":"#778e8f","stroke-width":0.5,"fill":"#a7c1c2"}},
{"type":"Feature","geometry":{"type":"Point","coordinates":[-55.3,22.1,0]},"properties":{"description":{"@type":"html","value":"<table> \n                        <tr><td><font color=black><b>Tropical Storm Gabrielle (AL072025)</b></font></td></tr> \n                        <tr><td>Advisory #6</td></tr> \n                        <tr><td><hr></td></tr> \n                        <tr><td nowrap>24 hr Forecast</td></tr> \n\t   \t        <tr><td nowrap>Valid at:  8:00 AM AST September 19, 2025 </td></tr> \n\t   \t        <tr><td nowrap>Location: 22.1 N, -55.3 W </td></tr> \n\t   \t        <tr><td nowrap>Maximum Wind: 40 knots (45 mph) </td></tr> \n\t   \t        <tr><td nowrap>Wind Gusts: 50 knots (60 mph) </td></tr> \n\t       "},"styleUrl":"#s_point","label-scale":1,"icon-scale":1,"icon-offset":[18,16],"icon-offset-units":["pixels","pixels"],"icon":"sPoint.png","stroke":"#778e8f","stroke-width":0.5,"fill":"#a7c1c2"}},
{"type":"Feature","geometry":{"type":"Point","coordinates":[-57.4,23.2,0]},"properties":{"description":{"@type":"html","value":"<table> \n                        <tr><td><font color=black><b>Tropical Storm Gabrielle (AL072025)</b></font></td></tr> \n                        <tr><td>Advisory #6</td></tr> \n                        <tr><td><hr></td></tr> \n                        <tr><td nowrap>36 hr Forecast</td></tr> \n\t   \t        <tr><td nowrap>Valid at:  8:00 PM AST September 19, 2025 </td></tr> \n\t   \t        <tr><td nowrap>Location: 23.2 N, -57.4 W </td></tr> \n\t   \t        <tr><td nowrap>Maximum Wind: 40 knots (45 mph) </td></tr> \n\t   \t        <tr><td nowrap>Wind Gusts: 50 knots (60 mph) </td></tr> \n\t       "},"styleUrl":"#s_point","label-scale":1,"icon-scale":1,"icon-offset":[18,16],"icon-offset-units":["pixels","pixels"],"icon":"sPoint.png","stroke":"#778e8f","stroke-width":0.5,"fill":"#a7c1c2"}},
{"type":"Feature","geometry":{"type":"Point","coordinates":[-59.2,24.4,0]},"properties":{"description":{"@type":"html","value":"<table> \n                        <tr><td><font color=black><b>Tropical Storm Gabrielle (AL072025)</b></font></td></tr> \n                        <tr><td>Advisory #6</td></tr> \n                        <tr><td><hr></td></tr> \n                        <tr><td nowrap>48 hr Forecast</td></tr> \n\t   \t        <tr><td nowrap>Valid at:  8:00 AM AST September 20, 2025 </td></tr> \n\t   \t        <tr><td nowrap>Location: 24.4 N, -59.2 W </td></tr> \n\t   \t        <tr><td nowrap>Maximum Wind: 40 knots (45 mph) </td></tr> \n\t   \t        <tr><td nowrap>Wind Gusts: 50 knots (60 mph) </td></tr> \n\t       "},"styleUrl":"#s_point","label-scale":1,"icon-scale":1,"icon-offset":[18,16],"icon-offset-units":["pixels","pixels"],"icon":"sPoint.png","stroke":"#778e8f","stroke-width":0.5,"fill":"#a7c1c2"}},
{"type":"Feature","geometry":{"type":"Point","coordinates":[-60.6,25.9,0]},"properties":{"description":{"@type":"html","value":"<table> \n                        <tr><td><font color=black><b>Tropical Storm Gabrielle (AL072025)</b></font></td></tr> \n                        <tr><td>Advisory #6</td></tr> \n                        <tr><td><hr></td></tr> \n                        <tr><td nowrap>60 hr Forecast</td></tr> \n\t   \t        <tr><td nowrap>Valid at:  8:00 PM AST September 20, 2025 </td></tr> \n\t   \t        <tr><td nowrap>Location: 25.9 N, -60.6 W </td></tr> \n\t   \t        <tr><td nowrap>Maximum Wind: 45 knots (50 mph) </td></tr> \n\t   \t        <tr><td nowrap>Wind Gusts: 55 knots (65 mph) </td></tr> \n\t       "},"styleUrl":"#s_point","label-scale":1,"icon-scale":1,"icon-offset":[18,16],"icon-offset-units":["pixels","pixels"],"icon":"sPoint.png","stroke":"#778e8f","stroke-width":0.5,"fill":"#a7c1c2"}},
{"type":"Feature","geometry":{"type":"Point","coordinates":[-61.5,27.7,0]},"properties":{"description":{"@type":"html","value":"<table> \n                        <tr><td><font color=black><b>Tropical Storm Gabrielle (AL072025)</b></font></td></tr> \n                        <tr><td>Advisory #6</td></tr> \n                        <tr><td><hr></td></tr> \n                        <tr><td nowrap>72 hr Forecast</td></tr> \n\t   \t        <tr><td nowrap>Valid at:  8:00 AM AST September 21, 2025 </td></tr> \n\t   \t        <tr><td nowrap>Location: 27.7 N, -61.5 W </td></tr> \n\t   \t        <tr><td nowrap>Maximum Wind: 50 knots (60 mph) </td></tr> \n\t   \t        <tr><td nowrap>Wind Gusts: 60 knots (70 mph) </td></tr> \n\t       "},"styleUrl":"#s_point","label-scale":1,"icon-scale":1,"icon-offset":[18,16],"icon-offset-units":["pixels","pixels"],"icon":"sPoint.png","stroke":"#778e8f","stroke-width":0.5,"fill":"#a7c1c2"}},
{"type":"Feature","geometry":{"type":"Point","coordinates":[-61.9,31.4,0]},"properties":{"description":{"@type":"html","value":"<table> \n                        <tr><td><font color=black><b>Tropical Storm Gabrielle (AL072025)</b></font></td></tr> \n                        <tr><td>Advisory #6</td></tr> \n                        <tr><td><hr></td></tr> \n                        <tr><td nowrap>96 hr Forecast</td></tr> \n\t   \t        <tr><td nowrap>Valid at:  8:00 AM AST September 22, 2025 </td></tr> \n\t   \t        <tr><td nowrap>Location: 31.4 N, -61.9 W </td></tr> \n\t   \t        <tr><td nowrap>Maximum Wind: 70 knots (80 mph) </td></tr> \n\t   \t        <tr><td nowrap>Wind Gusts: 85 knots (100 mph) </td></tr> \n\t       "},"styleUrl":"#h_point","label-scale":1,"icon-scale":1,"icon-offset":[18,16],"icon-offset-units":["pixels","pixels"],"icon":"hPoint.png","stroke":"#778e8f","stroke-width":0.5,"fill":"#a7c1c2"}},
{"type":"Feature","geometry":{"type":"Point","coordinates":[-56.2,36.5,0]},"properties":{"description":{"@type":"html","value":"<table> \n                        <tr><td><font color=black><b>Tropical Storm Gabrielle (AL072025)</b></font></td></tr> \n                        <tr><td>Advisory #6</td></tr> \n                        <tr><td><hr></td></tr> \n                        <tr><td nowrap>120 hr Forecast</td></tr> \n\t   \t        <tr><td nowrap>Valid at:  8:00 AM AST September 23, 2025 </td></tr> \n\t   \t        <tr><td nowrap>Location: 36.5 N, -56.2 W </td></tr> \n\t   \t        <tr><td nowrap>Maximum Wind: 80 knots (90 mph) </td></tr> \n\t   \t        <tr><td nowrap>Wind Gusts: 100 knots (115 mph) </td></tr> \n\t       "},"styleUrl":"#h_point","label-scale":1,"icon-scale":1,"icon-offset":[18,16],"icon-offset-units":["pixels","pixels"],"icon":"hPoint.png","stroke":"#778e8f","stroke-width":0.5,"fill":"#a7c1c2"}}
]}